{"cameraMode":{"drawMode":0,"name":"Shaded","section":"Shading Mode"},"sceneLighting":true,"audioPlay":false,"sceneViewState":{"showFog":true,"showMaterialUpdate":false,"showSkybox":true,"showFlares":true,"showImageEffects":true,"showParticleSystems":true},"in2DMode":false,"pivot":{"x":3.880608558654785,"y":2.3303377628326418,"z":1.986751914024353},"rotation":{"x":-0.08717228472232819,"y":0.8995905518531799,"z":-0.21045254170894624,"w":-0.3726225793361664},"size":2.476349353790283,"orthographic":false}